{
  "data": {
    "n_simulations": 10000,
    "percentiles": {
      "african_american": [
        0.5492136717253419,
        0.5770513990000683,
        0.5950977414705179,
        0.612437214462413,
        0.6355296020823743
      ],
      "asian": [
        0.06993328018338017,
        0.08435339311829877,
        0.09608690694909605,
        0.10928605931804435,
        0.13124297444174773
      ],
      "latino": [
        0.17313760478406082,
        0.18950340808773497,
        0.2011776592164478,
        0.21342721814919413,
        0.23270053476389777
      ],
      "other_race": [
        0.026267463193616933,
        0.03827901848768735,
        0.04979131455229532,
        0.06402998879417834,
        0.09202759943004818
      ],
      "white": [
        0.026289653768857862,
        0.038434058336539456,
        0.049741989583930696,
        0.06411798301017202,
        0.09091342611363758
      ]
    },
    "seed": 1875195376,
    "win_probability": 1.0,
    "win_probability_high": 1.0,
    "win_probability_low": 1.0
  },
  "metadata": {
    "n_simulations": 10000
  },
  "run_key": "smoke_test",
  "stage": "simulation"
}
