{
  "data": {
    "n_simulations": 10000,
    "percentiles": {
      "african_american": [
        0.292782900410551,
        0.3040633060292379,
        0.3118771223123172,
        0.31999557949805923,
        0.3312693329877879
      ],
      "asian": [
        0.10743647285596089,
        0.11739229717306202,
        0.12484206816190502,
        0.13274926398846235,
        0.14520560874209884
      ],
      "latino": [
        0.10719237226803155,
        0.1173422540711487,
        0.1248674131725341,
        0.13264962184092396,
        0.1449136013867429
      ],
      "other_race": [
        0.10724411957829169,
        0.11725727585965023,
        0.12493139923891983,
        0.1326127458299286,
        0.14483678901593855
      ],
      "white": [
        0.2931705429008736,
        0.3043073633856722,
        0.3120488884143979,
        0.31973014487644125,
        0.3312480874172153
      ]
    },
    "seed": 1875195376,
    "win_probability": 0.0
  },
  "metadata": {
    "n_simulations": 10000
  },
  "run_key": "smoke_test",
  "stage": "simulation"
}
